data/Gary/gary_01_20_20_200_200.jpg;0
data/Gary/gary_02_20_20_200_200.jpg;0
data/Gary/gary_03_20_20_200_200.jpg;0
data/Gary/gary_04_20_20_200_200.jpg;0
data/Gary/gary_05_20_20_200_200.jpg;0
data/Gary/gary_06_20_20_200_200.jpg;0
data/Gary/gary_07_20_20_200_200.jpg;0
data/raja/Raja_01_20_20_200_200.jpg;1
data/raja/Raja_02_20_20_200_200.jpg;1
data/raja/Raja_03_20_20_200_200.jpg;1
data/raja/Raja_04_20_20_200_200.jpg;1
data/raja/Raja_05_20_20_200_200.jpg;1
data/joep/joep_01_20_20_200_200.jpg;2
data/joep/joep_02_20_20_200_200.jpg;2
data/joep/joep_03_20_20_200_200.jpg;2
data/joep/joep_04_20_20_200_200.jpg;2
data/joep/joep_05_20_20_200_200.jpg;2
data/joep/joep_06_20_20_200_200.jpg;2
data/joep/joep_07_20_20_200_200.jpg;2
data/joep/joep_08_20_20_200_200.jpg;2
data/joep/joep_09_20_20_200_200.jpg;2
